date,description,debit,credit,balance
2026-02-02,TRANSFER FROM SAVINGS 0000-2222,,105.40,1945.75
2026-02-03,STREAMING SERVICE MONTHLY,14.21,,1931.54
2026-02-03,UTILITY CO ELECTRIC BILL,95.28,,1836.26
2026-02-05,GYM MEMBERSHIP FEE,30.00,,1806.26
2026-02-07,GROCERY MART #102,91.35,,1714.91
2026-02-07,ONLINE BOOKSTORE ORDER 88213 (SYNTHETIC),43.13,,1671.78
2026-02-09,GYM MEMBERSHIP FEE,30.00,,1641.78
2026-02-10,GROCERY MART #102,34.47,,1607.31
2026-02-11,TRANSFER FROM SAVINGS 0000-2222,,218.34,1825.65
2026-02-12,TRANSFER TO SAVINGS 0000-2222,361.08,,1464.57
2026-02-14,ONLINE BOOKSTORE ORDER 88213 (SYNTHETIC),40.98,,1423.59
2026-02-15,TRANSFER TO SAVINGS 0000-2222,152.81,,1270.78
2026-02-17,TRANSFER TO SAVINGS 0000-2222,314.60,,956.18
2026-02-18,TRANSFER TO SAVINGS 0000-2222,264.11,,692.07
2026-02-19,TRANSFER TO SAVINGS 0000-2222,394.81,,297.26
2026-02-21,GYM MEMBERSHIP FEE,30.00,,267.26
2026-02-23,ONLINE BOOKSTORE ORDER 88213 (SYNTHETIC),25.60,,241.66
2026-02-24,TRANSFER TO SAVINGS 0000-2222,201.43,,40.23
2026-02-25,GYM MEMBERSHIP FEE,30.00,,10.23
2026-02-26,TRANSFER TO SAVINGS 0000-2222,267.73,,-257.50
2026-02-27,CAFE LUNA POS 4417,10.99,,-268.49
2026-02-27,STREAMING SERVICE MONTHLY,15.62,,-284.11
2026-02-27,SALARY ACME DEMO CORP,,2378.97,2094.86
2026-02-28,CAFE LUNA POS 4417,14.69,,2080.17
