date,description,debit,credit,balance,source_file,balance_check
2026-01-03,CAFE LUNA POS 4417,9.22,,4990.78,statement_bankA_jan2026.pdf,OK
2026-01-03,TRANSFER TO SAVINGS 0000-2222,254.74,,4736.04,statement_bankA_jan2026.pdf,OK
2026-01-05,CAFE LUNA POS 4417,13.99,,4722.05,statement_bankA_jan2026.pdf,OK
2026-01-05,PHARMACY EXAMPLE,22.72,,4699.33,statement_bankA_jan2026.pdf,OK
2026-01-05,FUEL STOP 22 CARD PURCHASE,43.74,,4655.59,statement_bankA_jan2026.pdf,OK
2026-01-05,GROCERY MART #102,21.82,,4633.77,statement_bankA_jan2026.pdf,OK
2026-01-05,GROCERY MART #102,92.19,,4541.58,statement_bankA_jan2026.pdf,OK
2026-01-07,PHARMACY EXAMPLE,34.73,,4506.85,statement_bankA_jan2026.pdf,OK
2026-01-07,TRANSFER TO SAVINGS 0000-2222,262.46,,4244.39,statement_bankA_jan2026.pdf,OK
2026-01-08,STREAMING SERVICE MONTHLY,15.79,,4228.60,statement_bankA_jan2026.pdf,OK
2026-01-10,GROCERY MART #102,54.09,,4174.51,statement_bankA_jan2026.pdf,OK
2026-01-10,TRANSFER FROM SAVINGS 0000-2222,,89.61,4264.12,statement_bankA_jan2026.pdf,OK
2026-01-11,GYM MEMBERSHIP FEE,30.00,,4234.12,statement_bankA_jan2026.pdf,OK
2026-01-12,TRANSFER TO SAVINGS 0000-2222,377.28,,3856.84,statement_bankA_jan2026.pdf,OK
2026-01-14,GROCERY MART #102,59.34,,3797.50,statement_bankA_jan2026.pdf,OK
2026-01-15,PHARMACY EXAMPLE,21.97,,3775.53,statement_bankA_jan2026.pdf,OK
2026-01-16,ONLINE BOOKSTORE ORDER 88213 (SYNTHETIC),19.08,,3756.45,statement_bankA_jan2026.pdf,OK
2026-01-18,CAFE LUNA POS 4417,7.35,,3749.10,statement_bankA_jan2026.pdf,OK
2026-01-20,GROCERY MART #102,58.44,,3690.66,statement_bankA_jan2026.pdf,OK
2026-01-20,PHARMACY EXAMPLE,31.50,,3659.16,statement_bankA_jan2026.pdf,OK
2026-01-21,REFUND ONLINE BOOKSTORE,,11.00,3670.16,statement_bankA_jan2026.pdf,OK
2026-01-22,GYM MEMBERSHIP FEE,30.00,,3640.16,statement_bankA_jan2026.pdf,OK
2026-01-24,ONLINE BOOKSTORE ORDER 88213 (SYNTHETIC),49.61,,3590.55,statement_bankA_jan2026.pdf,OK
2026-01-25,GROCERY MART #102,51.43,,3539.12,statement_bankA_jan2026.pdf,OK
2026-01-26,GYM MEMBERSHIP FEE,30.00,,3509.12,statement_bankA_jan2026.pdf,OK
2026-01-28,TRANSFER TO SAVINGS 0000-2222,385.08,,3124.04,statement_bankA_jan2026.pdf,OK
2026-01-29,STREAMING SERVICE MONTHLY,13.16,,3110.88,statement_bankA_jan2026.pdf,OK
2026-01-31,ONLINE BOOKSTORE ORDER 88213 (SYNTHETIC),45.94,,3064.94,statement_bankA_jan2026.pdf,OK
2026-02-01,TRANSFER FROM SAVINGS 0000-2222,,200.12,3265.06,statement_bankA_jan2026.pdf,OK
2026-02-01,UTILITY CO ELECTRIC BILL,105.11,,3159.95,statement_bankA_jan2026.pdf,OK
2026-02-02,GYM MEMBERSHIP FEE,30.00,,3129.95,statement_bankA_jan2026.pdf,OK
2026-02-02,CAFE LUNA POS 4417,5.70,,3124.25,statement_bankA_jan2026.pdf,OK
2026-02-02,FUEL STOP 22 CARD PURCHASE,45.44,,3078.81,statement_bankA_jan2026.pdf,OK
2026-02-03,REFUND ONLINE BOOKSTORE,,38.21,3117.02,statement_bankA_jan2026.pdf,OK
2026-02-04,REFUND ONLINE BOOKSTORE,,30.90,3147.92,statement_bankA_jan2026.pdf,OK
2026-02-05,FUEL STOP 22 CARD PURCHASE,62.24,,3085.68,statement_bankA_jan2026.pdf,OK
2026-02-02,TRANSFER FROM SAVINGS 0000-2222,,105.40,1945.75,statement_bankB_feb2026.pdf,OK
2026-02-03,STREAMING SERVICE MONTHLY,14.21,,1931.54,statement_bankB_feb2026.pdf,OK
2026-02-03,UTILITY CO ELECTRIC BILL,95.28,,1836.26,statement_bankB_feb2026.pdf,OK
2026-02-05,GYM MEMBERSHIP FEE,30.00,,1806.26,statement_bankB_feb2026.pdf,OK
2026-02-07,GROCERY MART #102,91.35,,1714.91,statement_bankB_feb2026.pdf,OK
2026-02-07,ONLINE BOOKSTORE ORDER 88213 (SYNTHETIC),43.13,,1671.78,statement_bankB_feb2026.pdf,OK
2026-02-09,GYM MEMBERSHIP FEE,30.00,,1641.78,statement_bankB_feb2026.pdf,OK
2026-02-10,GROCERY MART #102,34.47,,1607.31,statement_bankB_feb2026.pdf,OK
2026-02-11,TRANSFER FROM SAVINGS 0000-2222,,218.34,1825.65,statement_bankB_feb2026.pdf,OK
2026-02-12,TRANSFER TO SAVINGS 0000-2222,361.08,,1464.57,statement_bankB_feb2026.pdf,OK
2026-02-14,ONLINE BOOKSTORE ORDER 88213 (SYNTHETIC),40.98,,1423.59,statement_bankB_feb2026.pdf,OK
2026-02-15,TRANSFER TO SAVINGS 0000-2222,152.81,,1270.78,statement_bankB_feb2026.pdf,OK
2026-02-17,TRANSFER TO SAVINGS 0000-2222,314.60,,956.18,statement_bankB_feb2026.pdf,OK
2026-02-18,TRANSFER TO SAVINGS 0000-2222,264.11,,692.07,statement_bankB_feb2026.pdf,OK
2026-02-19,TRANSFER TO SAVINGS 0000-2222,394.81,,297.26,statement_bankB_feb2026.pdf,OK
2026-02-21,GYM MEMBERSHIP FEE,30.00,,267.26,statement_bankB_feb2026.pdf,OK
2026-02-23,ONLINE BOOKSTORE ORDER 88213 (SYNTHETIC),25.60,,241.66,statement_bankB_feb2026.pdf,OK
2026-02-24,TRANSFER TO SAVINGS 0000-2222,201.43,,40.23,statement_bankB_feb2026.pdf,OK
2026-02-25,GYM MEMBERSHIP FEE,30.00,,10.23,statement_bankB_feb2026.pdf,OK
2026-02-26,TRANSFER TO SAVINGS 0000-2222,267.73,,-257.50,statement_bankB_feb2026.pdf,OK
2026-02-27,CAFE LUNA POS 4417,10.99,,-268.49,statement_bankB_feb2026.pdf,OK
2026-02-27,STREAMING SERVICE MONTHLY,15.62,,-284.11,statement_bankB_feb2026.pdf,OK
2026-02-27,SALARY ACME DEMO CORP,,2378.97,2094.86,statement_bankB_feb2026.pdf,OK
2026-02-28,CAFE LUNA POS 4417,14.69,,2080.17,statement_bankB_feb2026.pdf,OK
